{"payload":{"installed_packages":["absl-py==2.1.0","astunparse==1.6.3","attrs==24.2.0","autocommand==2.2.2","backports.tarfile==1.2.0","blinker==1.8.2","certifi==2024.8.30","charset-normalizer==3.3.2","click==8.1.7","colorama==0.4.6","comet-ml==3.46.0","configobj==5.0.9","contourpy==1.3.0","cycler==0.12.1","dulwich==0.22.1","everett==3.1.0","filelock==3.16.1","flask==3.0.3","flatbuffers==24.3.25","fonttools==4.54.1","fsspec==2024.9.0","gast==0.6.0","gitdb==4.0.11","gitpython==3.1.43","google-pasta==0.2.0","googlemaps==4.10.0","grpcio==1.66.1","h5py==3.11.0","idna==3.8","importlib_metadata==8.0.0","importlib_resources==6.4.0","inflect==7.3.1","itsdangerous==2.2.0","jaraco.collections==5.1.0","jaraco.context==5.3.0","jaraco.functools==4.0.1","jaraco.text==3.12.1","jinja2==3.1.4","jsonschema==4.23.0","jsonschema-specifications==2023.12.1","keras==3.5.0","kiwisolver==1.4.7","libclang==18.1.1","markdown==3.7","markdown-it-py==3.0.0","markupsafe==2.1.5","matplotlib==3.9.2","mdurl==0.1.2","ml-dtypes==0.4.0","more-itertools==10.3.0","mpmath==1.3.0","namex==0.0.8","networkx==3.3","numpy==1.26.4","opencv-python==4.10.0.84","opt-einsum==3.3.0","optree==0.12.1","packaging==24.1","packaging==24.1","pandas==2.2.3","pillow==10.4.0","pip==24.2","platformdirs==4.2.2","protobuf==4.25.4","psutil==6.0.0","py-cpuinfo==9.0.0","pygments==2.18.0","pyparsing==3.1.4","python-box==6.1.0","python-dateutil==2.9.0.post0","pytz==2024.2","pyyaml==6.0.2","referencing==0.35.1","requests==2.32.3","requests-toolbelt==1.0.0","rich==13.8.0","rpds-py==0.20.0","scipy==1.14.1","seaborn==0.13.2","semantic-version==2.10.0","sentry-sdk==2.14.0","setuptools==75.1.0","simplejson==3.19.3","six==1.16.0","smmap==5.0.1","sympy==1.13.3","tensorboard==2.17.1","tensorboard-data-server==0.7.2","tensorflow==2.17.0","tensorflow-intel==2.17.0","tensorflow-io-gcs-filesystem==0.31.0","termcolor==2.4.0","thop==0.1.1-2209072238","tomli==2.0.1","torch==2.4.1","torchvision==0.19.1","tqdm==4.66.5","typeguard==4.3.0","typing_extensions==4.12.2","typing_extensions==4.12.2","tzdata==2024.2","ultralytics==8.2.101","ultralytics-thop==2.0.8","urllib3==2.2.2","werkzeug==3.0.4","wheel==0.43.0","wheel==0.44.0","wrapt==1.16.0","wurlitzer==3.1.1","zipp==3.19.2"],"message_id":1},"type":"installed_packages"}
{"payload":{"command":["yolov5/yolov5/train.py","--img","640","--batch","16","--epochs","100","--data","yolov5/yolov5/data.yaml","--weights","yolov5s.pt","--cache"],"env":null,"hostname":"DESKTOP-MH35B19","ip":"192.168.0.112","machine":"AMD64","message_id":2,"os":"Windows-10-10.0.22631-SP0","os_release":"10","os_type":"Windows","pid":22148,"processor":"AMD64 Family 23 Model 113 Stepping 0, AuthenticAMD","python_exe":"C:\\Users\\Yan\\AppData\\Local\\Programs\\Python\\Python310\\python.exe","python_version":"3.10.2","python_version_verbose":"3.10.2 (tags/v3.10.2:a58ebcc, Jan 17 2022, 14:12:15) [MSC v.1929 64 bit (AMD64)]","user":"Yan"},"type":"system_details"}
{"payload":{"local_timestamp":1727311392784,"message_id":3,"param":{"paramName":"img","paramValue":640,"source":"cli","step":null}},"type":"parameter_msg"}
{"payload":{"local_timestamp":1727311392785,"message_id":4,"param":{"paramName":"batch","paramValue":16,"source":"cli","step":null}},"type":"parameter_msg"}
{"payload":{"local_timestamp":1727311392785,"message_id":5,"param":{"paramName":"epochs","paramValue":100,"source":"cli","step":null}},"type":"parameter_msg"}
{"payload":{"local_timestamp":1727311392785,"message_id":6,"param":{"paramName":"data","paramValue":"yolov5/yolov5/data.yaml","source":"cli","step":null}},"type":"parameter_msg"}
{"payload":{"local_timestamp":1727311392785,"message_id":7,"param":{"paramName":"weights","paramValue":"yolov5s.pt","source":"cli","step":null}},"type":"parameter_msg"}
{"payload":{"local_timestamp":1727311392785,"message_id":8,"param":{"paramName":"cache","paramValue":true,"source":"cli","step":null}},"type":"parameter_msg"}
{"payload":{"local_timestamp":1727311392785,"message_id":9,"metric":{"epoch":null,"metricName":"sys.cpu.percent.avg","metricValue":0.0,"step":null}},"type":"metric_msg"}
{"payload":{"local_timestamp":1727311392785,"message_id":10,"metric":{"epoch":null,"metricName":"sys.ram.total","metricValue":17102577664,"step":null}},"type":"metric_msg"}
{"payload":{"local_timestamp":1727311392785,"message_id":11,"metric":{"epoch":null,"metricName":"sys.ram.used","metricValue":13568716800,"step":null}},"type":"metric_msg"}
{"payload":{"local_timestamp":1727311392785,"message_id":12,"metric":{"epoch":null,"metricName":"sys.ram.available","metricValue":3533860864,"step":null}},"type":"metric_msg"}
{"payload":{"local_timestamp":1727311392785,"message_id":13,"metric":{"epoch":null,"metricName":"sys.ram.percent.used","metricValue":79.3,"step":null}},"type":"metric_msg"}
{"payload":{"local_timestamp":1727311392785,"message_id":14,"metric":{"epoch":null,"metricName":"sys.load.avg","metricValue":0.0,"step":null}},"type":"metric_msg"}
{"payload":{"key":"offline_experiment","message_id":15,"value":true},"type":"log_other"}
{"payload":{"key":"Name","message_id":16,"value":"exp"},"type":"log_other"}
{"payload":{"additional_params":{"assetId":"8db33cac91d9430993dc875a9476803c","context":null,"extension":"yaml","fileName":"data.yaml","overwrite":false,"runId":null,"step":null},"clean":true,"file_path":"tmp74yd8pfa","local_timestamp":1727311392791,"message_id":17,"metadata":{"type":"data-config-file"},"upload_type":"asset"},"type":"file_upload"}
{"payload":{"local_timestamp":1727311392804,"message_id":18,"output":"\nDataset not found , missing paths ['D:\\\\Users\\\\Yan\\\\Desktop\\\\ia\\\\speed-bump-hole-detector\\\\yolov5\\\\dataset\\\\buraco\\\\valid\\\\images', 'D:\\\\Users\\\\Yan\\\\Desktop\\\\ia\\\\speed-bump-hole-detector\\\\yolov5\\\\dataset\\\\lombada\\\\valid\\\\images']\n","stderr":true},"type":"standard_output"}
{"payload":{"local_timestamp":1727311392805,"message_id":19,"output":"Traceback (most recent call last):\n","stderr":true},"type":"standard_output"}
{"payload":{"local_timestamp":1727311392805,"message_id":20,"output":"  File \"D:\\Users\\Yan\\Desktop\\ia\\speed-bump-hole-detector\\yolov5\\yolov5\\train.py\", line 986, in <module>\n","stderr":true},"type":"standard_output"}
{"payload":{"local_timestamp":1727311392806,"message_id":21,"output":"    ","stderr":true},"type":"standard_output"}
{"payload":{"local_timestamp":1727311392806,"message_id":22,"output":"main(opt)","stderr":true},"type":"standard_output"}
{"payload":{"local_timestamp":1727311392806,"message_id":23,"output":"\n","stderr":true},"type":"standard_output"}
{"payload":{"local_timestamp":1727311392806,"message_id":24,"output":"  File \"D:\\Users\\Yan\\Desktop\\ia\\speed-bump-hole-detector\\yolov5\\yolov5\\train.py\", line 688, in main\n","stderr":true},"type":"standard_output"}
{"payload":{"local_timestamp":1727311392806,"message_id":25,"output":"    ","stderr":true},"type":"standard_output"}
{"payload":{"local_timestamp":1727311392807,"message_id":26,"output":"train(opt.hyp, opt, device, callbacks)","stderr":true},"type":"standard_output"}
{"payload":{"local_timestamp":1727311392807,"message_id":27,"output":"\n","stderr":true},"type":"standard_output"}
{"payload":{"local_timestamp":1727311392807,"message_id":28,"output":"  File \"D:\\Users\\Yan\\Desktop\\ia\\speed-bump-hole-detector\\yolov5\\yolov5\\train.py\", line 180, in train\n","stderr":true},"type":"standard_output"}
{"payload":{"local_timestamp":1727311392807,"message_id":29,"output":"    ","stderr":true},"type":"standard_output"}
{"payload":{"local_timestamp":1727311392807,"message_id":30,"output":"loggers = Loggers(","stderr":true},"type":"standard_output"}
{"payload":{"local_timestamp":1727311392808,"message_id":31,"output":"\n","stderr":true},"type":"standard_output"}
{"payload":{"local_timestamp":1727311392808,"message_id":32,"output":"  File \"D:\\Users\\Yan\\Desktop\\ia\\speed-bump-hole-detector\\yolov5\\yolov5\\utils\\loggers\\__init__.py\", line 153, in __init__\n","stderr":true},"type":"standard_output"}
{"payload":{"local_timestamp":1727311392808,"message_id":33,"output":"    ","stderr":true},"type":"standard_output"}
{"payload":{"local_timestamp":1727311392808,"message_id":34,"output":"self.comet_logger = CometLogger(self.opt, self.hyp)","stderr":true},"type":"standard_output"}
{"payload":{"local_timestamp":1727311392808,"message_id":35,"output":"\n","stderr":true},"type":"standard_output"}
{"payload":{"local_timestamp":1727311392808,"message_id":36,"output":"  File \"D:\\Users\\Yan\\Desktop\\ia\\speed-bump-hole-detector\\yolov5\\yolov5\\utils\\loggers\\comet\\__init__.py\", line 102, in __init__\n","stderr":true},"type":"standard_output"}
{"payload":{"local_timestamp":1727311392809,"message_id":37,"output":"    ","stderr":true},"type":"standard_output"}
{"payload":{"local_timestamp":1727311392809,"message_id":38,"output":"self.data_dict = self.check_dataset(self.opt.data)","stderr":true},"type":"standard_output"}
{"payload":{"local_timestamp":1727311392809,"message_id":39,"output":"\n","stderr":true},"type":"standard_output"}
{"payload":{"local_timestamp":1727311392809,"message_id":40,"output":"  File \"D:\\Users\\Yan\\Desktop\\ia\\speed-bump-hole-detector\\yolov5\\yolov5\\utils\\loggers\\comet\\__init__.py\", line 260, in check_dataset\n","stderr":true},"type":"standard_output"}
{"payload":{"local_timestamp":1727311392809,"message_id":41,"output":"    ","stderr":true},"type":"standard_output"}
{"payload":{"local_timestamp":1727311392809,"message_id":42,"output":"return check_dataset(data_file)","stderr":true},"type":"standard_output"}
{"payload":{"local_timestamp":1727311392809,"message_id":43,"output":"\n","stderr":true},"type":"standard_output"}
{"payload":{"local_timestamp":1727311392811,"message_id":44,"output":"  File \"D:\\Users\\Yan\\Desktop\\ia\\speed-bump-hole-detector\\yolov5\\yolov5\\utils\\general.py\", line 565, in check_dataset\n","stderr":true},"type":"standard_output"}
{"payload":{"local_timestamp":1727311392811,"message_id":45,"output":"    ","stderr":true},"type":"standard_output"}
{"payload":{"local_timestamp":1727311392811,"message_id":46,"output":"raise Exception(\"Dataset not found \u274c\")","stderr":true},"type":"standard_output"}
{"payload":{"local_timestamp":1727311392812,"message_id":47,"output":"\n","stderr":true},"type":"standard_output"}
{"payload":{"local_timestamp":1727311392812,"message_id":48,"output":"Exception","stderr":true},"type":"standard_output"}
{"payload":{"local_timestamp":1727311392812,"message_id":49,"output":": ","stderr":true},"type":"standard_output"}
{"payload":{"local_timestamp":1727311392812,"message_id":50,"output":"Dataset not found \u274c","stderr":true},"type":"standard_output"}
{"payload":{"local_timestamp":1727311392812,"message_id":51,"output":"\n","stderr":true},"type":"standard_output"}
{"payload":{"local_timestamp":1727311392812,"message_id":52,"output":"\u001b[1;38;5;39mCOMET INFO:\u001b[0m The process of logging environment details (conda environment, git patch) is underway. Please be patient as this may take some time.\n","stderr":true},"type":"standard_output"}
{"payload":{"git_metadata":{"branch":"refs/heads/main","origin":"https://github.com/M4NT/speed-bump-hole-detector.git","parent":"7b3de960c2ab4d095df7d6d416de2cddc6583c95","repo_name":"speed-bump-hole-detector","root":"9b9543bbe3c10a45717a66788c6c179aca982a14","status":null,"user":"M4NT"},"message_id":53},"type":"git_metadata"}
{"payload":{"local_timestamp":1727311393006,"message_id":54,"output":"\u001b[1;38;5;39mCOMET INFO:\u001b[0m ---------------------------------------------------------------------------------------\n","stderr":true},"type":"standard_output"}
{"payload":{"local_timestamp":1727311393006,"message_id":55,"output":"\u001b[1;38;5;39mCOMET INFO:\u001b[0m Comet.ml OfflineExperiment Summary\n","stderr":true},"type":"standard_output"}
{"payload":{"local_timestamp":1727311393006,"message_id":56,"output":"\u001b[1;38;5;39mCOMET INFO:\u001b[0m ---------------------------------------------------------------------------------------\n","stderr":true},"type":"standard_output"}
{"payload":{"local_timestamp":1727311393006,"message_id":57,"output":"\u001b[1;38;5;39mCOMET INFO:\u001b[0m   Data:\n","stderr":true},"type":"standard_output"}
{"payload":{"local_timestamp":1727311393007,"message_id":58,"output":"\u001b[1;38;5;39mCOMET INFO:\u001b[0m     display_summary_level : 1\n","stderr":true},"type":"standard_output"}
{"payload":{"local_timestamp":1727311393007,"message_id":59,"output":"\u001b[1;38;5;39mCOMET INFO:\u001b[0m     name                  : exp\n","stderr":true},"type":"standard_output"}
{"payload":{"local_timestamp":1727311393007,"message_id":60,"output":"\u001b[1;38;5;39mCOMET INFO:\u001b[0m     url                   : [OfflineExperiment will get URL after upload]\n","stderr":true},"type":"standard_output"}
{"payload":{"local_timestamp":1727311393007,"message_id":61,"output":"\u001b[1;38;5;39mCOMET INFO:\u001b[0m   Others:\n","stderr":true},"type":"standard_output"}
{"payload":{"local_timestamp":1727311393007,"message_id":62,"output":"\u001b[1;38;5;39mCOMET INFO:\u001b[0m     Name               : exp\n","stderr":true},"type":"standard_output"}
{"payload":{"local_timestamp":1727311393008,"message_id":63,"output":"\u001b[1;38;5;39mCOMET INFO:\u001b[0m     offline_experiment : True\n","stderr":true},"type":"standard_output"}
{"payload":{"local_timestamp":1727311393008,"message_id":64,"output":"\u001b[1;38;5;39mCOMET INFO:\u001b[0m   Uploads:\n","stderr":true},"type":"standard_output"}
{"payload":{"local_timestamp":1727311393008,"message_id":65,"output":"\u001b[1;38;5;39mCOMET INFO:\u001b[0m     asset               : 1 (642 bytes)\n","stderr":true},"type":"standard_output"}
{"payload":{"local_timestamp":1727311393008,"message_id":66,"output":"\u001b[1;38;5;39mCOMET INFO:\u001b[0m     environment details : 1\n","stderr":true},"type":"standard_output"}
{"payload":{"local_timestamp":1727311393009,"message_id":67,"output":"\u001b[1;38;5;39mCOMET INFO:\u001b[0m     git metadata        : 1\n","stderr":true},"type":"standard_output"}
{"payload":{"local_timestamp":1727311393009,"message_id":68,"output":"\u001b[1;38;5;39mCOMET INFO:\u001b[0m     installed packages  : 1\n","stderr":true},"type":"standard_output"}
{"payload":{"local_timestamp":1727311393009,"message_id":69,"output":"\u001b[1;38;5;39mCOMET INFO:\u001b[0m \n","stderr":true},"type":"standard_output"}
